R-HSA-9839373,abstraction:IsAComponentOf,R-HSA-9006936
R-HSA-170834,abstraction:IsAComponentOf,R-HSA-9006936
R-HSA-1502540,abstraction:IsAComponentOf,R-HSA-9006936
R-HSA-201451,abstraction:IsAComponentOf,R-HSA-9006936
R-HSA-2173796,abstraction:IsAComponentOf,R-HSA-2173793
R-HSA-2173795,abstraction:IsAComponentOf,R-HSA-2173793
R-HSA-2173788,abstraction:IsAComponentOf,R-HSA-2173789
R-HSA-9839397,abstraction:IsAComponentOf,R-HSA-9839373
R-HSA-9839389,abstraction:IsAComponentOf,R-HSA-9839373
R-HSA-9839383,abstraction:IsAComponentOf,R-HSA-9839373
R-HSA-9839406,abstraction:IsAComponentOf,R-HSA-9839373
R-HSA-9839394,abstraction:IsAComponentOf,R-HSA-9839373
R-HSA-2173791,abstraction:IsAComponentOf,R-HSA-170834
R-HSA-2173789,abstraction:IsAComponentOf,R-HSA-170834
R-HSA-2173793,abstraction:IsAComponentOf,R-HSA-170834
R-HSA-2473224,abstraction:IsAComponentOf,R-HSA-1502540
R-HSA-2173796,abstraction:NextStepPathway,R-HSA-2173795
R-HSA-2173796,abstraction:NextStepPathway,R-HSA-1502540
R-HSA-2173795,abstraction:NextStepPathway,R-HSA-2173796
R-HSA-2173795,abstraction:NextStepPathway,R-HSA-2173788
R-HSA-1502540,abstraction:NextStepPathway,R-HSA-2173796
R-HSA-1502540,abstraction:NextStepPathway,R-HSA-2173795
R-HSA-1502540,abstraction:NextStepPathway,R-HSA-2173789
R-HSA-9839383,abstraction:NextStepPathway,R-HSA-9839397
R-HSA-9839383,abstraction:NextStepPathway,R-HSA-9839389
R-HSA-9839383,abstraction:NextStepPathway,R-HSA-9839406
R-HSA-2173789,abstraction:NextStepPathway,R-HSA-2173796
R-HSA-2173789,abstraction:NextStepPathway,R-HSA-2173788
R-HSA-2173789,abstraction:NextStepPathway,R-HSA-1502540
R-HSA-2173789,abstraction:NextStepPathway,R-HSA-2173791
R-HSA-9839394,abstraction:NextStepPathway,R-HSA-9839383
